Wall time,Step,Value
1683543632.7116227,1404,-11.136385917663574
1683543634.7850776,3828,-15.414040565490723
1683543635.6617324,4860,-14.808979034423828
1683543638.154381,7776,-11.65164852142334
1683543638.469538,8148,-12.439387321472168
1683543639.0160153,8784,-12.513167381286621
1683543641.6080823,10308,-16.151865005493164
1683543644.2789383,10872,-16.559202194213867
1683543658.8978362,13824,-20.53299903869629
1683543661.6145692,14376,-18.225217819213867
1683543682.348112,18468,2.712470769882202
1683543691.7988338,20280,13.827628135681152
1683543695.8250642,21072,17.577136993408203
1683543696.6249251,21240,18.432607650756836
1683543722.0239887,26232,20.882640838623047
1683543735.6465516,28944,15.091660499572754
1683543745.4423504,30888,9.78742790222168
1683543750.307338,31860,8.3198881149292
1683543753.7511268,32532,10.043306350708008
1683543765.3281603,34752,16.1823787689209
1683543780.594327,37656,23.114002227783203
1683543787.4340324,38976,22.7089900970459
1683543789.5892682,39408,23.092254638671875
1683543790.714259,39624,23.265914916992188
1683543795.2381582,40512,24.590784072875977
1683543804.0017183,42228,26.451688766479492
1683543813.1602218,43992,32.57863235473633
1683543813.9830203,44160,32.90154266357422
1683543819.7954733,45264,33.47069549560547
1683543831.7046194,47580,32.97148132324219
1683543837.729505,48732,31.790597915649414
1683543841.6589942,49488,31.660322189331055
1683543855.8041587,52224,32.132957458496094
1683543861.325391,53304,33.04871368408203
1683543866.5663726,54348,33.70832443237305
1683543872.647108,55536,34.8150634765625
1683543876.3661606,56280,34.25212097167969
1683543878.4665425,56688,34.0728645324707
1683543896.9660609,60336,30.80229949951172
1683543901.5148938,61236,30.44319725036621
1683543908.079336,62508,31.78255271911621
1683543912.8445895,63432,32.39929962158203
1683543915.1274843,63876,32.45992660522461
1683543922.615455,65316,32.87672805786133
1683543924.8325248,65736,33.01401901245117
1683543935.7383542,67884,33.613807678222656
1683543945.4703236,69744,33.869598388671875
1683543954.7345438,71484,33.21286392211914
1683543972.5498922,74940,27.767353057861328
1683543977.9085593,75972,27.501577377319336
1683543989.230277,78156,28.139976501464844
1683544032.5204854,86676,34.38469696044922
1683544032.8785274,86748,34.5282096862793
1683544051.4099634,90324,33.485931396484375
1683544053.078498,90660,33.602169036865234
1683544054.4468384,90924,33.70369338989258
1683544057.602398,91536,33.63924789428711
1683544064.0720928,92784,34.48545837402344
1683544072.8406396,94500,34.38580322265625
1683544075.9104278,95100,34.87397384643555
1683544077.5679946,95400,34.964141845703125
1683544088.8238873,97584,35.77231216430664
1683544108.386562,101388,35.470115661621094
1683544110.5856798,101820,35.667030334472656
1683544132.2796533,106020,37.83938217163086
1683544134.3969905,106416,37.7404670715332
1683544137.5415795,107040,38.03501892089844
1683544147.6206203,109032,39.964149475097656
1683544154.4164448,110352,39.39962387084961
1683544156.0740101,110688,39.583065032958984
1683544159.0221238,111264,39.52180480957031
1683544166.1650186,112644,40.65426254272461
1683544172.7055244,113904,41.091651916503906
1683544184.0451934,116076,42.45278549194336
1683544192.441735,117672,46.0455436706543
1683544200.043402,119148,47.343589782714844
1683544205.6623724,120132,47.870914459228516
1683544213.653997,121668,48.63624572753906
1683544216.9302344,122280,47.763458251953125
1683544221.087115,123108,47.18183517456055
1683544224.2097628,123684,45.728572845458984
1683544224.6934693,123780,45.26877975463867
1683544232.0487952,125172,43.76707458496094
1683544233.167802,125376,43.069427490234375
1683544244.1982985,127488,42.033119201660156
1683544268.3327446,132156,44.78443145751953
1683544271.0853827,132696,43.921119689941406
1683544287.6690245,135900,44.24567794799805
1683544298.7094953,138024,43.54416275024414
1683544299.2470562,138120,43.84392166137695
1683544303.0229566,138840,45.186737060546875
1683544307.5787706,139728,45.733360290527344
1683544309.6761608,140136,47.19927978515625
1683544324.905426,143028,46.93162155151367
1683544329.0862436,143808,47.30860900878906
1683544334.262399,144768,49.346248626708984
1683544338.018352,145464,48.739444732666016
1683544342.0236392,146244,48.31818771362305
1683544346.3371031,147084,48.28429412841797
1683544348.2779105,147444,48.20801544189453
1683544352.3420398,148248,47.3627815246582
1683544358.5913243,149460,46.91758346557617
1683544391.6329463,155760,48.798179626464844
1683544396.6056457,156732,51.36416244506836
1683544403.0743434,157944,52.38947296142578
1683544403.5061884,158028,52.5317268371582
1683544413.900386,160032,56.03044128417969
1683544425.845436,162324,57.2520751953125
1683544433.1548858,163704,57.463314056396484
1683544438.2333012,164700,58.231937408447266
1683544445.7511928,166140,57.778411865234375
1683544451.098889,167148,58.3554573059082
1683544463.6363542,169536,58.25333023071289
1683544469.5605097,170676,58.914146423339844
1683544471.5282457,171060,59.38237380981445
1683544473.2416625,171384,59.91504669189453
1683544476.001283,171912,60.29071807861328
1683544477.3207524,172176,60.43837356567383
1683544486.1890314,173820,61.86589050292969
1683544493.790699,175296,63.31721878051758
1683544496.8285737,175860,63.19939041137695
1683544504.214817,177264,63.68006896972656
1683544505.2799678,177480,63.14362335205078
1683544508.3188405,178056,63.12268829345703
1683544513.6525729,179088,63.13914489746094
1683544519.0950162,180144,64.0981216430664
1683544527.320016,181692,65.20582580566406
1683544528.2235992,181872,65.41157531738281
1683544530.7767699,182340,65.46003723144531
1683544566.6737542,189108,63.89860153198242
1683544571.9396696,190116,63.41093063354492
1683544575.7853837,190848,63.71684265136719
1683544583.864773,192408,63.09540557861328
1683544623.034005,199848,68.54548645019531
1683544631.2899215,201408,68.93379974365234
1683544635.2652884,202164,69.5306167602539
1683544644.8715937,204024,70.69303894042969
1683544657.6623814,206460,69.33409118652344
1683544667.4791243,208344,70.2356948852539
1683544673.76531,209520,70.98485565185547
1683544686.1551707,211884,71.63674926757812
1683544689.8343291,212568,72.77808380126953
1683544699.022753,214320,74.15148162841797
1683544702.673986,215016,73.82293701171875
1683544728.6614766,219684,73.34666442871094
1683544729.511203,219852,73.71807098388672
1683544734.183706,220764,71.39505004882812
1683544744.0493171,222696,70.18607330322266
1683544749.2115095,223704,69.51897430419922
1683544763.1043508,226392,68.47917175292969
1683544768.5637472,227448,68.65673828125
1683544773.0218227,228312,68.84053802490234
1683544774.5158267,228600,68.82658386230469
1683544788.4425774,231312,70.2818603515625
1683544790.0502753,231624,70.50867462158203
1683544796.3344674,232848,71.42143249511719
1683544799.887962,233544,71.4444580078125
1683544801.1176732,233784,72.03484344482422
1683544808.9297776,235308,71.1712875366211
1683544828.107482,239016,73.13711547851562
1683544836.1619382,240396,74.92274475097656
1683544839.993689,241140,75.64315795898438
1683544844.6492367,242040,76.03565979003906
1683544860.526769,245112,76.83451080322266
1683544865.5044544,246084,76.6397705078125
1683544878.0179834,248520,75.59525299072266
1683544899.487558,252684,78.44302368164062
1683544911.5313432,255024,79.51839447021484
1683544934.255561,259452,80.16285705566406
1683544943.9975045,261336,80.17634582519531
1683544949.1806402,262344,81.77705383300781
1683544950.8222494,262668,82.38839721679688
1683544958.6144083,264168,82.53888702392578
1683544965.362358,265464,84.09194946289062
1683544968.033214,265980,84.94963836669922
1683544977.1677818,267756,82.14885711669922
1683544977.967643,267912,82.30575561523438
1683544992.547645,270732,79.09159851074219
1683545002.2975655,272616,78.67752838134766
1683545009.8872664,274104,76.23345947265625
1683545010.7060747,274260,76.81116485595703
1683545026.4699109,277320,77.07325744628906
1683545035.2923124,279048,75.96163177490234
1683545057.3543017,283368,75.3770980834961
1683545095.2170284,290700,85.44131469726562
1683545098.3845558,291312,85.55021667480469
1683545105.4167464,292680,87.7505874633789
1683545106.1059034,292812,87.77749633789062
1683545107.8901308,293160,88.34535217285156
1683545138.4224648,299088,89.8211669921875
1683545159.3804069,303144,89.46975708007812
1683545161.39801,303528,89.32167053222656
1683545172.203109,305628,89.9952621459961
1683545175.1811433,306204,88.52376556396484
1683545185.1185637,308136,87.9441146850586
1683545230.8991115,317004,92.56542205810547
1683545234.5623128,317712,93.99466705322266
1683545252.4853742,321192,93.89546203613281
1683545270.1770525,324624,92.01315307617188
1683545275.2724235,325608,91.42849731445312
1683545280.3747761,326592,91.07616424560547
1683545313.3765042,333000,89.42365264892578
1683545323.6370597,334980,88.49880981445312
1683545335.7097683,337308,89.58577728271484
1683545346.4031663,339384,91.01090240478516
1683545366.5602505,343260,96.57758331298828
1683545378.287882,345540,99.9668960571289
1683545383.6734772,346584,100.46556854248047
1683545398.3372548,349428,102.8399658203125
1683545403.9642038,350520,102.82183837890625
1683545409.398668,351576,104.28652954101562
1683545414.7503533,352608,106.39067840576172
1683545417.3364365,353100,106.58003997802734
1683545451.4471982,359700,107.94229888916016
1683545481.6504118,365304,108.5759048461914
1683545510.0843592,370788,105.26789093017578
1683545515.7312558,371880,105.09626770019531
1683545517.9164093,372300,105.06802368164062
1683545520.3648615,372768,104.36516571044922
1683545523.4954865,373380,104.28156280517578
1683545564.8638358,381408,106.13777923583984
1683545575.8190396,383412,107.11650848388672
1683545581.4340224,384492,107.1990966796875
1683545588.0583026,385728,107.88238525390625
1683545593.4139776,386700,108.38885498046875
1683545599.2772946,387816,108.88858795166016
1683545607.7915208,389412,107.56273651123047
1683545615.5776947,390888,107.3241195678711
1683545665.7395236,400224,108.20155334472656
1683545667.2853887,400500,109.14234924316406
1683545688.1076941,404376,110.02262878417969
1683545703.6571038,407316,106.53841400146484
1683545705.516131,407652,106.03126525878906
1683545710.7730699,408648,106.4998779296875
1683545715.7856624,409596,106.65897369384766
1683545734.9354415,413172,108.37004852294922
1683545750.7082527,416100,112.298095703125
1683545779.9929245,421548,115.24760437011719
1683545782.1860576,421944,115.58419036865234
1683545788.2139354,423096,114.5023422241211
1683545836.5486505,432192,124.07745361328125
1683545840.8720863,433044,124.76022338867188
1683545843.3374925,433536,126.48817443847656
1683545858.6216104,436536,126.19572448730469
1683545873.1088607,439392,128.8002166748047
1683545874.6407633,439692,129.25906372070312
1683545894.01594,443496,131.256591796875
1683545901.713351,445008,130.35931396484375
1683545906.5613832,445968,130.0111083984375
1683545913.6165128,447348,128.65704345703125
1683545930.6499534,450696,122.22006225585938
1683545946.7259617,453840,124.52191162109375
1683545948.4044724,454164,124.54512786865234
1683545959.5865645,456360,124.84086608886719
1683545977.0189362,459780,127.81562042236328
1683545998.4157043,463968,130.63555908203125
1683546000.0413563,464292,130.92047119140625
1683546010.5083594,466344,130.15719604492188
1683546019.9850118,468192,128.77777099609375
1683546026.9244504,469560,128.10548400878906
1683546030.3373218,470232,126.87142181396484
1683546037.6816773,471672,128.66082763671875
1683546044.071586,472920,125.96170806884766
1683546052.1868808,474516,127.2495346069336
1683546070.9476986,478188,130.25523376464844
1683546090.1204162,481728,136.47845458984375
1683546097.6213534,483204,136.89976501464844
1683546104.4670434,484548,137.8881378173828
1683546118.2591522,487260,139.1306915283203
1683546137.5435708,491052,135.36517333984375
1683546146.1605222,492732,136.56939697265625
1683546148.2319815,493140,136.84693908691406
1683546149.8327007,493452,135.93434143066406
1683546154.678738,494412,134.68263244628906
1683546160.643783,495576,134.54234313964844
1683546175.4222546,498480,135.66775512695312
1683546192.8167295,501900,131.81764221191406
1683546211.0250258,505476,128.3331298828125
1683546217.7949176,506808,121.2774429321289
1683546222.6509295,507756,118.60913848876953
1683546226.3799546,508488,117.74866485595703
1683546237.4044666,510660,115.7079849243164
1683546243.5919173,511884,116.60786437988281
1683546245.6005445,512280,116.72943115234375
1683546247.5712733,512664,117.84992980957031
1683546257.679237,514644,119.34355163574219
1683546286.9579234,520368,133.91729736328125
1683546305.2260702,523944,133.2269287109375
1683546316.3184013,526116,131.38795471191406
1683546330.9532568,528984,130.5060272216797
1683546333.8943899,529560,131.47166442871094
1683546354.0036025,533496,137.45950317382812
1683546367.2112749,536088,143.8648223876953
1683546395.2682295,541596,147.7141571044922
1683546415.3674686,545520,147.3204345703125
1683546423.7191398,547152,148.1405029296875
1683546446.7934215,551676,151.17933654785156
1683546454.8763087,553260,151.32630920410156
1683546465.8918447,555432,150.1658172607422
1683546474.5107915,557112,150.68246459960938
1683546501.4627016,562404,149.26075744628906
1683546508.01717,563700,149.00123596191406
1683546520.6244485,566184,150.08148193359375
1683546522.2361374,566496,148.7961883544922
1683546524.3784077,566916,148.7187042236328
1683546591.1059418,579984,130.7955322265625
1683546604.0677776,582528,131.98768615722656
1683546618.3231523,585324,132.4097137451172
1683546630.3494902,587676,138.3057403564453
1683546638.3052108,589248,141.07456970214844
1683546644.019936,590364,143.25543212890625
1683546648.5558026,591264,144.4977264404297
1683546659.7259262,593460,144.41697692871094
1683546665.283061,594552,142.7635498046875
1683546670.3066242,595536,146.2327423095703
1683546676.3733969,596724,145.87252807617188
1683546681.3500862,597696,142.4032440185547
1683546707.1800342,602472,139.8041534423828
1683546712.3472133,603480,140.3999786376953
1683546737.2635682,608376,143.677490234375
1683546738.2100377,608556,142.27931213378906
1683546739.9513786,608892,141.95364379882812
1683546768.391309,614436,135.38308715820312
1683546776.0568054,615936,135.1430206298828
1683546781.9141386,617088,129.544921875
1683546788.2880898,618336,125.19611358642578
1683546796.7913473,620004,123.40326690673828
1683546806.10643,621804,128.47418212890625
1683546822.3449955,624984,137.6535186767578
1683546828.0377686,626100,136.6224365234375
1683546834.279075,627324,143.0238037109375
1683546840.477496,628524,148.82583618164062
1683546846.5482602,629712,149.74464416503906
1683546857.137933,631776,154.51356506347656
1683546895.179182,639192,145.01702880859375
1683546918.8149755,643824,139.673095703125
1683546920.4535923,644148,139.3077392578125
1683546926.6230907,645360,140.11753845214844
1683546928.0961506,645648,140.19224548339844
1683546932.2669947,646464,139.41226196289062
1683546936.5764678,647292,140.59445190429688
1683546944.8583157,648912,140.4738311767578
1683546953.380521,650580,141.81658935546875
1683546964.071924,652668,144.95767211914062
1683546967.1885874,653280,146.82406616210938
1683546982.5744348,656280,150.0183563232422
1683546999.8577132,659640,149.48992919921875
1683547007.1123095,661056,149.93380737304688
1683547022.6397772,664080,148.40599060058594
1683547023.0935643,664164,148.08279418945312
1683547054.238258,670248,142.22445678710938
1683547061.3173237,671628,141.3605194091797
1683547067.9366183,672912,143.41734313964844
1683547069.523374,673224,144.2086639404297
1683547077.2776332,674736,145.31982421875
1683547082.5216079,675756,145.4121551513672
1683547091.8067718,677556,145.1207275390625
1683547111.5360005,681420,151.8824920654297
1683547119.5525584,682992,151.92164611816406
1683547124.971065,684048,151.31988525390625
1683547128.9055414,684816,152.36631774902344
1683547137.3958318,686472,152.41297912597656
1683547159.1476507,690732,153.57833862304688
1683547162.8367834,691452,154.91268920898438
1683547167.9969816,692460,152.55162048339844
1683547168.9005642,692640,152.58554077148438
1683547177.487596,694320,153.23922729492188
1683547183.6560965,695532,148.57176208496094
1683547199.8657398,698700,145.83251953125
1683547208.0309,700308,145.6313018798828
1683547237.2866488,706044,145.25918579101562
1683547244.8404434,707520,147.63885498046875
1683547249.660552,708468,144.5157928466797
1683547259.1810853,710340,142.16241455078125
1683547261.7901075,710856,141.13621520996094
1683547265.4792395,711564,141.51480102539062
1683547271.4811857,712740,142.93630981445312
1683547276.0110693,713616,141.89283752441406
1683547280.4771237,714492,141.65460205078125
1683547281.9920733,714792,141.25978088378906
1683547295.5144758,717432,140.63888549804688
1683547303.015413,718896,143.0659942626953
1683547314.930048,720996,146.67799377441406
1683547355.5897977,728928,149.63392639160156
1683547380.813331,733872,154.390380859375
1683547393.3208761,736308,155.8078155517578
1683547406.034869,738780,155.99232482910156
1683547413.9905891,740328,153.6864776611328
1683547416.249547,740772,153.89065551757812
1683547417.2458835,740964,153.7223358154297
1683547443.8193116,746160,153.958251953125
1683547445.70427,746532,155.0016632080078
1683547450.397716,747444,153.504638671875
1683547477.9280798,752808,156.74021911621094
1683547500.8557527,757296,151.94309997558594
1683547519.2635167,760908,147.76602172851562
1683547556.736286,768204,150.1620635986328
1683547594.1911032,775320,145.8870391845703
1683547597.550119,775944,145.7372589111328
1683547600.1681163,776460,145.30206298828125
1683547617.004084,779748,143.37559509277344
1683547622.2151456,780768,142.81295776367188
1683547629.6811767,782232,143.77578735351562
1683547650.831605,786336,144.8988037109375
1683547667.57982,789612,147.3953857421875
1683547670.0153055,790092,147.83404541015625
1683547691.808015,794352,143.74757385253906
1683547707.5020375,797400,142.51388549804688
1683547720.8752675,800004,141.5851287841797
1683547723.8672645,800580,142.06666564941406
1683547726.5720296,801108,142.6554718017578
1683547731.4978545,802080,145.0818328857422
1683547742.8584676,804288,146.43603515625
1683547793.0173044,814104,144.33489990234375
1683547796.379312,814752,144.43045043945312
1683547816.3917837,818676,145.80117797851562
1683547821.0513208,819600,146.5364990234375
1683547829.5316384,821256,148.90069580078125
1683547831.5961175,821664,148.6680908203125
1683547859.8226168,827172,146.76052856445312
1683547871.2320998,829404,144.39837646484375
1683547881.0992737,831336,143.1715087890625
1683547884.5979154,832020,141.74668884277344
1683547890.288694,833136,142.47689819335938
1683547894.0017629,833856,143.82412719726562
1683547920.708329,839064,144.9080352783203
1683547929.6304646,840588,144.2204132080078
1683547933.7265086,841392,144.34510803222656
1683547939.5080442,842520,145.0636444091797
1683547958.9201217,846324,145.68804931640625
1683547961.0593994,846744,145.24110412597656
1683547983.0426,851040,147.34420776367188
1683547986.7237535,851760,146.8234100341797
1683548012.7112436,856812,148.99053955078125
1683548015.6633484,857388,148.4312744140625
1683548018.310267,857904,148.5782470703125
1683548025.840127,859380,149.74948120117188
1683548034.6166518,861084,148.6883087158203
1683548046.7721398,863460,150.45777893066406
1683548080.308437,870000,145.1513671875
1683548087.226933,871356,144.4736328125
1683548092.8608627,872460,145.2679443359375
1683548094.632125,872808,145.3948516845703
1683548110.191507,875844,145.5270538330078
1683548122.5873513,878256,146.9410858154297
1683548136.923007,881064,146.7433624267578
1683548146.505377,882948,148.7080841064453
1683548185.2976165,890520,149.15476989746094
1683548193.3271399,892080,148.37818908691406
1683548197.45809,892884,147.06692504882812
1683548208.3509543,895020,146.3042755126953
1683548218.275409,896952,146.62612915039062
1683548245.5265198,902268,149.4320526123047
1683548260.0845807,905088,149.81329345703125
1683548290.5859952,911052,149.85511779785156
1683548316.0474586,916032,148.5612335205078
1683548322.6328437,917304,147.7862091064453
1683548333.9635375,919512,145.61073303222656
1683548350.0165992,922644,147.76400756835938
1683548352.6575363,923160,147.7096710205078
1683548354.0697582,923436,148.1615447998047
1683548355.8938797,923796,148.2740020751953
1683548374.174981,927372,147.05947875976562
1683548420.3544629,936408,143.6598358154297
1683548422.529644,936828,144.29238891601562
1683548423.389346,936996,144.53775024414062
1683548438.375247,939924,146.19198608398438
1683548460.5798557,944244,147.36514282226562
1683548465.6492958,945240,147.20526123046875
1683548488.988868,949812,148.16238403320312
1683548491.083266,950220,147.6859893798828
1683548496.760082,951324,146.08065795898438
1683548502.084839,952368,146.49754333496094
1683548502.6323757,952476,146.7429962158203
1683548507.6050751,953448,146.6217803955078
1683548546.9049563,960924,145.61387634277344
1683548561.6046388,963792,145.9239044189453
1683548587.2061603,968796,146.28067016601562
1683548590.0266163,969348,147.04945373535156
1683548605.8173802,972432,146.08958435058594
1683548609.5813122,973164,147.0821533203125
1683548622.0020988,975588,149.1884765625
1683548628.0329676,976764,149.7021026611328
1683548640.4996238,979188,149.56248474121094
1683548644.669469,980004,150.14141845703125
1683548649.2352564,980892,150.6012420654297
1683548683.095638,987516,148.8928680419922
1683548685.981424,988080,148.80250549316406
1683548689.3075275,988728,148.45570373535156
1683548690.8753338,989040,148.0338592529297
1683548711.9519591,993168,148.18211364746094
1683548731.760975,997032,146.522705078125
1683548749.0676832,1000416,147.71218872070312
1683548782.4718714,1006944,149.76260375976562
1683548796.5254164,1009704,150.26666259765625
1683548799.4436197,1010268,149.3468017578125
1683548805.6210964,1011468,149.50845336914062
1683548836.8176532,1017564,146.463623046875
1683548844.1360781,1018992,147.0421905517578
1683548854.9431715,1021092,146.6848907470703
1683548860.2808948,1022136,146.7903594970703
1683548864.2702243,1022916,148.851806640625
1683548867.0118906,1023444,149.52224731445312
1683548872.6567934,1024548,149.98690795898438
1683548880.156746,1026012,151.5548095703125
1683548882.2142425,1026408,150.7024688720703
1683548905.0790846,1030884,150.2282257080078
1683548911.0211904,1032048,151.11363220214844
1683548926.5636187,1035084,149.685302734375
1683548932.04396,1036164,149.11563110351562
1683548934.3128912,1036608,148.08865356445312
1683548950.2562463,1039716,145.54833984375
1683548978.0045366,1045152,142.7551727294922
1683548982.6142075,1046052,142.7823944091797
1683548986.8209543,1046880,144.41226196289062
1683548989.5197372,1047408,144.18516540527344
1683549011.3842547,1051692,145.70066833496094
1683549019.1684327,1053216,146.31796264648438
1683549044.2224193,1058124,143.16921997070312
1683549085.6825235,1066284,143.758544921875
1683549116.5040832,1072320,146.8556671142578
1683549118.5865128,1072728,147.0318145751953
1683549130.9434624,1075152,147.9877471923828
1683549133.94244,1075740,148.5125732421875
1683549136.6232693,1076268,148.49215698242188
1683549142.519007,1077432,147.96629333496094
1683549153.591391,1079604,149.4426727294922
1683549161.9003263,1081020,148.79347229003906
1683549166.6396482,1081944,149.97305297851562
1683549200.7174988,1088628,148.10415649414062
1683549221.449057,1092684,146.9532470703125
1683549236.6523917,1095672,146.55233764648438
1683549237.97984,1095936,146.91671752929688
1683549251.8487437,1098636,145.4390411376953
1683549257.9683754,1099836,145.32032775878906
1683549305.8792255,1109208,144.59072875976562
1683549311.8532465,1110372,143.8633575439453
1683549325.721153,1113084,144.26596069335938
1683549331.4109342,1114200,144.2013397216797
1683549334.7071269,1114836,144.59068298339844
1683549338.0053055,1115484,145.17564392089844
1683549341.0312116,1116084,145.60064697265625
1683549354.8113527,1118784,148.22659301757812
1683549380.8212883,1123848,148.48483276367188
1683549391.142681,1125864,149.4997100830078
1683549409.3973584,1129440,149.77786254882812
1683549413.5173395,1130244,149.38429260253906
1683549416.867378,1130904,150.28224182128906
1683549432.2946274,1133916,150.14503479003906
1683549459.0331085,1139148,147.89796447753906
1683549463.5081396,1140024,149.1177520751953
1683549475.3544524,1142352,149.004638671875
1683549491.5252004,1145520,148.54537963867188
1683549503.1321537,1147788,148.13766479492188
1683549505.4978263,1148244,147.83709716796875
1683549514.989439,1150104,147.5687255859375
1683549525.0181189,1152060,147.25540161132812
1683549538.345472,1154676,147.7290496826172
1683549563.4408529,1159584,146.78695678710938
1683549571.632941,1161192,149.11314392089844
1683549598.2617154,1166412,150.03485107421875
1683549602.0795047,1167168,150.98974609375
1683549605.8683693,1167912,151.7717742919922
1683549612.0757663,1169136,150.9582061767578
1683549621.125561,1170912,149.35406494140625
1683549655.7270095,1177692,146.8749542236328
1683549665.0311239,1179516,147.6220245361328
1683549701.2891428,1186392,146.54266357421875
1683549707.656112,1187640,145.33828735351562
1683549713.4167035,1188768,145.80970764160156
1683549724.2487314,1190892,145.66021728515625
1683549738.1026747,1193616,145.6652069091797
1683549744.336002,1194828,145.17250061035156
1683549749.6747222,1195884,146.126708984375
1683549760.7481036,1198056,145.55714416503906
1683549761.8481627,1198272,144.86215209960938
1683549774.5598278,1200564,144.34866333007812
1683549788.673077,1203336,148.3441925048828
1683549801.8897254,1205928,148.56610107421875
1683549807.6383493,1207056,148.86404418945312
1683549818.8179524,1209264,149.28395080566406
1683549839.96689,1213416,146.3381805419922
1683549844.5735686,1214328,145.81051635742188
1683549864.6498692,1218252,147.27833557128906
1683549870.6996875,1219440,148.3985595703125
1683549873.2638288,1219944,148.02267456054688
1683549884.0529706,1222056,147.78562927246094
1683549916.661751,1228428,147.65435791015625
1683549919.5211017,1228992,147.1060333251953
1683549930.9934163,1231236,148.25747680664062
1683549939.586432,1232916,147.0729522705078
1683549942.4896665,1233492,144.92535400390625
1683549970.0569308,1238880,144.20913696289062
1683549991.788803,1243140,145.16842651367188
1683550001.8349323,1245108,144.13880920410156
1683550023.680501,1249404,144.73703002929688
1683550024.4514387,1249560,144.62847900390625
1683550036.4702911,1251900,145.15350341796875
1683550039.3954668,1252464,145.11363220214844
1683550065.4088874,1257564,147.23838806152344
1683550072.972656,1259052,147.06427001953125
1683550077.0138469,1259844,147.02830505371094
1683550081.3612196,1260696,147.7769012451172
1683550087.2783923,1261860,148.25999450683594
1683550092.7687085,1262940,149.60960388183594
1683550126.2436752,1269480,150.6565399169922
1683550145.5430543,1273272,146.84071350097656
1683550148.9210188,1273932,146.8421630859375
1683550160.3813655,1276176,146.06063842773438
1683550172.5189002,1278540,146.0814208984375
1683550218.7273037,1287600,146.5027618408203
1683550229.8430767,1289772,146.6742401123047
1683550233.8932428,1290564,147.70579528808594
1683550273.951098,1298412,147.1345672607422
1683550279.7256525,1299540,146.57846069335938
1683550287.914749,1301136,146.3715057373047
1683550289.9223802,1301532,146.26539611816406
1683550291.843241,1301904,146.27880859375
1683550303.4122972,1304160,145.9805450439453
1683550309.2452013,1305312,144.900146484375
1683550312.6869953,1305984,144.40411376953125
1683550329.3414488,1309248,145.50918579101562
1683550343.2203348,1311972,146.5755157470703
1683550352.6456347,1313820,148.00665283203125
1683550367.603625,1316748,149.6799774169922
1683550376.0041554,1318392,149.40914916992188
1683550382.7181983,1319712,147.9143524169922
1683550408.1701195,1324476,146.876220703125
1683550412.3928244,1325304,147.2938995361328
1683550417.9340029,1326396,146.81997680664062
1683550439.6469262,1330644,148.48690795898438
1683550447.2326362,1332132,149.3253936767578
1683550456.1657424,1333896,146.3463134765625
1683550459.3332698,1334520,146.02410888671875
1683550479.1791885,1338432,144.57516479492188
1683550482.4015691,1339068,144.46307373046875
1683550486.8117716,1339932,145.4623260498047
1683550511.9899333,1344888,149.73965454101562
1683550542.1682148,1350816,148.0186309814453
1683550552.2083595,1352784,151.10348510742188
1683550565.27441,1355340,147.97779846191406
1683550611.514238,1364400,147.80030822753906
1683550614.0215309,1364892,147.52008056640625
1683550616.6195827,1365408,147.3988494873047
1683550629.0214095,1367832,148.04676818847656
1683550647.1733649,1371396,147.67787170410156
1683550663.8946397,1374672,152.47171020507812
1683550676.8719282,1377216,152.28436279296875
1683550686.2578235,1379052,157.45310974121094
1683550707.7897682,1383276,155.47267150878906
1683550719.5488222,1385592,153.78256225585938
1683550730.3529234,1387716,151.1431427001953
1683550736.2411754,1388868,151.35874938964844
1683550766.4254384,1394772,150.3830108642578
1683550772.986889,1396056,150.74142456054688
1683550794.3886437,1400232,146.62533569335938
1683550803.8104424,1402068,143.33468627929688
1683550812.4473422,1403760,142.91482543945312
1683550819.9024005,1405224,143.79470825195312
1683550821.341551,1405500,142.96759033203125
1683550842.9278142,1409736,152.7442169189453
1683550845.5807195,1410252,153.34613037109375
1683550865.2401326,1414104,155.26400756835938
1683550867.970829,1414644,155.58436584472656
1683550871.2620258,1415292,156.45376586914062
1683550883.4883232,1417692,150.9868621826172
1683550889.6568239,1418892,151.10025024414062
1683550892.4224267,1419432,152.5539093017578
1683550893.6930296,1419684,151.6973419189453
1683550905.6550329,1422024,158.3229217529297
1683550950.2547393,1430784,171.08029174804688
1683550986.6951776,1437888,170.7314453125
1683550995.7669127,1439664,169.35594177246094
1683551000.250825,1440324,168.80015563964844
1683551002.9306555,1440852,169.61355590820312
1683551020.0488687,1444212,163.52000427246094
1683551044.054659,1448928,165.3197021484375
1683551142.1562977,1468188,188.20484924316406
1683551171.5696232,1473948,185.41744995117188
1683551174.5905447,1474536,184.83628845214844
1683551197.7047188,1479072,183.49839782714844
1683551199.7642097,1479480,183.6516571044922
1683551203.9151068,1480296,184.41909790039062
1683551207.2142825,1480944,182.37692260742188
1683551213.790693,1482228,184.70745849609375
1683551217.2035635,1482888,185.8935546875
1683551220.9445574,1483620,186.26341247558594
1683551272.565484,1493496,195.04278564453125
1683551282.4759758,1495440,192.09515380859375
1683551289.0703375,1496724,187.69223022460938
1683551295.552001,1497996,186.96580505371094
1683551305.0785198,1499868,184.77532958984375
1683551329.7944105,1504728,186.28021240234375
1683551350.0023587,1508676,186.67308044433594
1683551356.0711262,1509864,187.2878875732422
1683551357.5721118,1510164,187.68179321289062
1683551377.682322,1514100,190.59864807128906
1683551391.445508,1516812,191.20326232910156
1683551425.6106317,1523520,190.1788330078125
1683551437.5337408,1525872,188.64134216308594
1683551446.7660472,1527684,186.71536254882812
1683551465.2525997,1531320,185.34852600097656
1683551469.434414,1532148,183.57351684570312
1683551489.7834904,1536144,183.27230834960938
1683551497.606576,1537680,187.47183227539062
1683551509.7710376,1540068,185.5872802734375
1683551519.7423668,1542036,186.3369903564453
1683551533.5035586,1544736,182.79974365234375
1683551551.2700381,1548228,177.86973571777344
1683551565.9004102,1551108,176.0409393310547
1683551574.7816556,1552848,179.39047241210938
1683551594.043639,1556628,183.40682983398438
1683551629.2863731,1563252,193.2431182861328
1683551645.5937545,1566456,199.9925537109375
1683551651.3154507,1567584,200.49681091308594
1683551655.9141505,1568484,201.30580139160156
1683551657.5737116,1568808,201.2883758544922
1683551667.3744967,1570728,204.04774475097656
1683551668.2262185,1570896,204.28097534179688
1683551700.8807595,1577292,208.5337677001953
1683551714.8294501,1580040,210.79566955566406
1683551715.8078337,1580232,211.27488708496094
1683551722.026202,1581456,210.15243530273438
1683551734.5716448,1583928,208.12144470214844
1683551741.1340928,1585212,204.8249053955078
1683551798.6552455,1596504,189.24758911132812
1683551812.489243,1599216,197.9913787841797
1683551821.8521998,1601052,200.5101318359375
1683551828.7766778,1602396,201.5264892578125
1683551847.6302495,1606104,207.2609100341797
1683551851.5188496,1606872,208.98312377929688
1683551891.254574,1614660,206.5823211669922
1683551893.4866037,1615104,205.14254760742188
1683551939.7299142,1624116,214.3992919921875
1683551942.2671273,1624608,212.81729125976562
1683551950.607818,1626240,213.01187133789062
1683551965.1828344,1629108,213.97653198242188
1683551969.5042744,1629960,212.65606689453125
1683551986.9097192,1633380,206.45838928222656
1683551992.2409647,1634424,203.00209045410156
1683551993.633241,1634700,202.62998962402344
1683552023.6110566,1640568,207.04351806640625
1683552028.346391,1641492,206.22412109375
1683552051.3219368,1645992,212.2744598388672
1683552058.0419624,1647312,215.6263427734375
1683552082.0477529,1652028,214.65977478027344
1683552088.864027,1653360,213.77706909179688
1683552092.9889936,1654176,213.01258850097656
1683552098.327714,1655196,212.88381958007812
1683552128.8061926,1660572,220.99624633789062
1683552171.051196,1668456,223.4896240234375
1683552206.641999,1675296,229.1014404296875
1683552220.7831755,1677996,229.69235229492188
1683552240.3199193,1681452,230.05076599121094
1683552258.26891,1684884,226.93028259277344
1683552269.0311236,1686936,227.9960479736328
1683552285.577865,1690104,229.38958740234375
1683552286.8404877,1690344,229.54937744140625
1683552289.7995732,1690908,228.9694366455078
1683552314.5274317,1695648,229.024658203125
1683552366.6689658,1705620,234.40924072265625
1683552377.697467,1707744,233.81336975097656
1683552391.5075297,1710396,234.7982940673828
1683552408.593827,1713660,244.1259002685547
1683552432.257532,1718196,240.59378051757812
1683552443.6969345,1720392,238.3933868408203
1683552459.4079123,1723368,236.7418670654297
1683552469.0590966,1725216,231.25425720214844
1683552473.431402,1726044,236.1623992919922
1683552491.7952833,1729572,235.536865234375
1683552499.5984118,1731072,237.78741455078125
1683552501.9351616,1731528,237.895263671875
1683552507.0165699,1732512,238.64064025878906
1683552514.7498848,1733988,241.5652313232422
1683552516.751532,1734372,240.8457794189453
1683552518.6853585,1734744,240.3451385498047
1683552538.0176494,1738428,239.64419555664062
1683552544.2001128,1739604,239.14346313476562
1683552545.9753644,1739940,239.88519287109375
1683552548.44077,1740408,237.07310485839844
1683552552.0790384,1741104,236.30113220214844
1683552558.2585099,1742292,235.2545928955078
1683552565.2926958,1743648,238.40859985351562
1683552566.570278,1743888,240.29812622070312
1683552580.4890492,1746576,239.249755859375
1683552595.5338078,1749456,238.11798095703125
1683552601.5487192,1750608,236.75851440429688
1683552609.1144824,1752048,237.1444549560547
1683552657.4900894,1761348,231.77284240722656
1683552663.3135133,1762464,232.0572509765625
1683552678.4191093,1765356,236.7096710205078
1683552697.1011393,1768944,238.7669219970703
1683552727.6454406,1774812,246.50967407226562
1683552758.9905999,1780812,236.20558166503906
1683552773.0031207,1783512,229.08831787109375
1683552777.498097,1784376,224.94894409179688
1683552816.9794939,1791948,230.2689208984375
1683552823.825183,1793268,223.841796875
1683552828.0389123,1794084,225.8350830078125
1683552831.4926746,1794744,228.62803649902344
1683552881.219362,1803984,232.5850067138672
1683552904.7454343,1808496,248.8833770751953
1683552944.5090766,1816140,245.0416717529297
1683552953.5568757,1817880,243.38168334960938
1683552987.8491526,1824456,240.48922729492188
1683553009.9450512,1828680,253.57337951660156
1683553029.9595175,1832520,247.15626525878906
1683553033.0342927,1833108,248.03126525878906
1683553041.200451,1834680,247.21286010742188
1683553047.5235376,1835892,247.2605438232422
1683553050.468661,1836456,250.7179412841797
1683553093.9034827,1844748,276.5137939453125
1683553117.1901963,1849212,288.3171081542969
1683553159.70847,1857372,267.41644287109375
1683553176.948357,1860684,269.3312683105469
1683553192.6543474,1863684,259.3852844238281
1683553201.0538812,1865292,256.7236328125
1683553219.168429,1868772,258.3634033203125
1683553255.9560325,1875828,265.8347473144531
1683553259.7448967,1876560,264.66802978515625
1683553264.1790373,1877400,262.01800537109375
1683553282.3454454,1880892,255.8907470703125
1683553330.1071992,1890036,258.7607116699219
1683553372.3791323,1898160,264.36370849609375
1683553394.1618686,1902312,258.25531005859375
1683553406.900795,1904772,259.8504943847656
1683553410.4133995,1905444,261.9836120605469
1683553424.880703,1908228,258.5540771484375
1683553449.1807063,1912896,265.7083435058594
1683553459.962868,1914948,265.4879150390625
1683553464.2394276,1915764,265.2952880859375
1683553483.450044,1919460,259.5043029785156
1683553491.618197,1920696,261.8247375488281
1683553553.341103,1932516,261.6052551269531
1683553567.0334797,1935156,265.1349182128906
1683553598.7626107,1941252,260.7925109863281
1683553610.5101886,1943520,259.0089111328125
1683553655.0281138,1952076,254.75572204589844
1683553676.5754802,1956204,258.85650634765625
1683553690.8483036,1958928,264.99737548828125
1683553746.780698,1969632,295.4464416503906
1683553753.9864242,1971012,298.1677551269531
1683553757.3613975,1971660,297.3909606933594
1683553763.6396046,1972860,298.989013671875
1683553769.519876,1973988,295.49371337890625
1683553771.2532399,1974324,290.8282165527344
1683553783.3678362,1976652,295.6174011230469
1683553785.2408264,1977012,288.3866882324219
1683553818.0959468,1983312,287.69940185546875
1683553833.2434323,1986228,279.6166076660156
1683553845.2882137,1988544,275.5296630859375
1683553909.8106322,2000940,280.7646179199219
1683553947.057007,2007828,281.49139404296875
1683553967.6100323,2011788,279.96832275390625
1683553989.1843276,2015928,277.66656494140625
1683554020.8456402,2022000,268.93695068359375
1683554022.5899749,2022336,271.0090026855469
1683554064.8888364,2030448,276.74847412109375
1683554072.4795327,2031912,277.7143249511719
1683554103.176425,2037780,279.40679931640625
1683554108.600916,2038824,280.81158447265625
1683554118.6618032,2040444,287.0404052734375
1683554167.7664602,2049852,294.3174133300781
1683554181.1147566,2052420,295.2148742675781
1683554193.6482325,2054808,297.8489685058594
1683554219.3115904,2059716,297.2401123046875
1683554233.956418,2062536,299.9585876464844
1683554241.181095,2063928,298.7303771972656
1683554245.2073247,2064708,303.7162780761719
1683554274.0840862,2070240,308.8018798828125
1683554291.607216,2073588,319.1930236816406
1683554308.3444493,2076780,336.96697998046875
1683554350.3879912,2084820,332.2726135253906
1683554352.9112425,2085300,329.4515075683594
1683554359.7718916,2086608,325.27764892578125
1683554373.5799587,2089248,309.96600341796875
1683554394.4750695,2093244,278.75030517578125
1683554412.697329,2096724,278.3985290527344
1683554448.790788,2103624,270.64825439453125
1683554472.3816876,2108160,286.1274719238281
1683554490.2339373,2111580,279.3406982421875
1683554493.9480033,2112288,280.86602783203125
1683554504.9894698,2114400,289.890625
1683554526.0182228,2118420,306.4761047363281
1683554543.560302,2121780,311.4674377441406
1683554557.0771482,2124384,319.2802734375
1683554565.3889163,2125980,314.0822448730469
1683554573.41046,2127504,316.28912353515625
1683554604.5032945,2133432,303.80609130859375
1683554615.7551982,2135580,304.55780029296875
1683554641.4694188,2140500,308.83575439453125
1683554653.713671,2142852,302.72576904296875
1683554665.2996788,2145084,304.98406982421875
1683554679.9016218,2147880,306.4112854003906
1683554692.5019195,2150316,310.755859375
1683554713.7111895,2154372,305.9325256347656
1683554729.4740288,2157384,311.7111511230469
1683554735.2346194,2158488,309.167724609375
1683554742.4732578,2159868,314.3074035644531
1683554745.486199,2160204,312.4020690917969
1683554770.8543448,2165064,308.6070556640625
1683554773.4513988,2165568,310.3987121582031
1683554776.2020416,2166096,310.6138916015625
1683554793.9924564,2169492,303.2893371582031
1683554830.7391684,2176548,308.7920227050781
1683554844.9072728,2179236,310.1184997558594
1683554868.4891958,2183760,306.4356994628906
1683554874.9828267,2184984,305.640869140625
1683554908.0613496,2191080,302.87548828125
1683554914.1769917,2192232,309.72540283203125
1683554960.238788,2201040,324.09954833984375
1683554993.5127878,2207400,317.95513916015625
1683554999.3372085,2208516,320.87109375
1683555011.6472821,2210880,312.94024658203125
1683555017.636263,2212020,312.02490234375
1683555049.8850055,2218188,307.83929443359375
1683555058.2975047,2219796,312.4923400878906
1683555080.1380858,2223984,308.74981689453125
1683555117.9639108,2231232,309.43310546875
1683555154.8382807,2238300,299.24310302734375
1683555175.118039,2242188,295.0504455566406
1683555182.7984936,2243652,293.3427429199219
1683555196.2255795,2246220,292.0625915527344
1683555236.2116277,2253888,294.2505187988281
1683555268.5690782,2260068,309.2841491699219
1683555292.2258024,2264580,321.7604064941406
1683555314.1730986,2268768,329.3568420410156
1683555342.3906236,2274180,328.958740234375
1683555352.833691,2276172,325.3707580566406
1683555364.6730235,2278440,323.1331787109375
1683555366.2129054,2278740,317.4570007324219
1683555382.243028,2281488,312.0450439453125
1683555398.9313908,2284692,308.2420654296875
1683555406.1989527,2286072,305.1435546875
1683555432.66915,2291148,291.9114074707031
1683555433.6216025,2291328,291.4680480957031
1683555481.9089546,2300592,282.1931457519531
1683555491.4454467,2302416,289.532470703125
1683555506.3844895,2305272,301.6297302246094
1683555512.954914,2306532,304.6299133300781
1683555540.4204516,2311800,315.38543701171875
1683555547.204305,2313096,314.85797119140625
1683555584.8964882,2320320,311.80084228515625
1683555592.8163042,2321844,316.1131591796875
1683555599.6689749,2323152,315.54583740234375
1683555618.5265355,2326776,319.24249267578125
1683555647.781286,2332392,315.19293212890625
1683555670.088619,2336652,303.43841552734375
1683555676.4815197,2337864,298.23553466796875
1683555683.3521426,2339184,301.5002746582031
1683555690.8879867,2340624,301.26300048828125
1683555696.8630056,2341764,303.9297790527344
1683555723.751085,2346936,304.92938232421875
1683555751.036104,2352168,306.8946533203125
1683555756.0486968,2353128,307.1505126953125
1683555780.2350042,2357724,312.93450927734375
1683555785.572727,2358744,314.1884460449219
1683555797.4120595,2361024,311.1054992675781
1683555798.0264165,2361144,310.0990295410156
1683555856.993693,2372424,304.2084655761719
1683555869.8183904,2374884,309.7657165527344
1683555877.83794,2376408,311.22344970703125
1683555880.4339974,2376912,319.594482421875
1683555890.2108464,2378784,332.89288330078125
1683555918.5011754,2384196,331.61785888671875
1683555974.5283165,2394912,327.75653076171875
1683556009.4209483,2401272,335.7212829589844
1683556041.7554595,2407224,335.9289245605469
1683556059.240692,2410572,338.3455505371094
1683556072.0633938,2413032,333.1192321777344
1683556073.8895094,2413380,332.7364501953125
1683556086.57059,2415804,334.761962890625
1683556105.5228972,2419404,342.8873291015625
1683556107.592362,2419800,340.3251647949219
1683556112.901162,2420820,340.41448974609375
1683556121.0882642,2422380,332.178466796875
1683556129.2045543,2423940,325.58502197265625
1683556176.895991,2433048,331.9510803222656
1683556193.600311,2436228,341.5645751953125
1683556203.3921216,2438112,344.7342834472656
1683556262.180875,2449332,356.7898254394531
1683556266.1053777,2450076,360.90521240234375
1683556278.783467,2452488,355.8206481933594
1683556294.0895271,2455404,354.16424560546875
1683556316.4407437,2459664,343.948486328125
1683556346.0625117,2465340,330.30389404296875
1683556351.4311519,2466360,333.94610595703125
1683556383.00171,2472396,333.02532958984375
1683556398.8672714,2475444,322.2308044433594
1683556405.9343696,2476788,321.5923767089844
1683556421.080856,2479692,313.88787841796875
1683556428.8640373,2481168,315.4453125
1683556436.3659718,2482596,312.6927185058594
1683556457.6051624,2486664,326.1380310058594
1683556473.5674665,2489712,326.3392333984375
1683556480.8819027,2491104,332.82135009765625
1683556488.527452,2492556,331.4095153808594
1683556490.9649327,2493024,335.42242431640625
1683556512.0495362,2497044,337.1559143066406
1683556527.4274044,2499996,334.88787841796875
